{
  "logs": [
    {
      "id": "c33c",
      "stack": "frontend",
      "level": "info",
      "package": "ShortenForm",
      "message": "Short URL created: 3fw497",
      "timestamp": "2025-07-14T05:33:16.382Z",
      "userAgent": "Mozilla/5.0 (Windows NT 10.0; Win64; x64) AppleWebKit/537.36 (KHTML, like Gecko) Chrome/138.0.0.0 Safari/537.36",
      "url": "http://localhost:3000/"
    },
    {
      "id": "9680",
      "stack": "frontend",
      "level": "info",
      "package": "RedirectHandler",
      "message": "Redirecting: 3fw497",
      "timestamp": "2025-07-14T05:33:19.054Z",
      "userAgent": "Mozilla/5.0 (Windows NT 10.0; Win64; x64) AppleWebKit/537.36 (KHTML, like Gecko) Chrome/138.0.0.0 Safari/537.36",
      "url": "http://localhost:3000/3fw497"
    },
    {
      "id": "b618",
      "stack": "frontend",
      "level": "info",
      "package": "RedirectHandler",
      "message": "Redirecting: 3fw497",
      "timestamp": "2025-07-14T05:33:19.058Z",
      "userAgent": "Mozilla/5.0 (Windows NT 10.0; Win64; x64) AppleWebKit/537.36 (KHTML, like Gecko) Chrome/138.0.0.0 Safari/537.36",
      "url": "http://localhost:3000/3fw497"
    },
    {
      "id": "2c74",
      "stack": "frontend",
      "level": "info",
      "package": "ShortenForm",
      "message": "Short URL created: 3vyoy4",
      "timestamp": "2025-07-14T05:34:13.643Z",
      "userAgent": "Mozilla/5.0 (Windows NT 10.0; Win64; x64) AppleWebKit/537.36 (KHTML, like Gecko) Chrome/138.0.0.0 Safari/537.36",
      "url": "http://localhost:3000/"
    }
  ]
}